{"cameraMode":{"drawMode":0,"name":"Shaded","section":"Shading Mode"},"sceneLighting":false,"audioPlay":false,"sceneViewState":{"m_AlwaysRefresh":false,"showFog":true,"showSkybox":false,"showFlares":true,"showImageEffects":true,"showParticleSystems":true,"showVisualEffectGraphs":true,"m_FxEnabled":true},"in2DMode":false,"pivot":{"x":0.6701375246047974,"y":0.07122921198606491,"z":-0.7381669282913208},"rotation":{"x":-0.05343053862452507,"y":-0.18141372501850129,"z":0.009641106240451336,"w":-0.9820709824562073},"size":1.4398109912872315,"orthographic":false}