{"cameraMode":{"drawMode":0,"name":"Shaded","section":"Shading Mode"},"sceneLighting":false,"audioPlay":false,"sceneViewState":{"m_AlwaysRefresh":false,"showFog":true,"showSkybox":false,"showFlares":true,"showImageEffects":true,"showParticleSystems":true,"showVisualEffectGraphs":true,"m_FxEnabled":true},"in2DMode":false,"pivot":{"x":0.15345793962478639,"y":-0.2765093445777893,"z":-0.01187754888087511},"rotation":{"x":0.02847604639828205,"y":0.038975510746240619,"z":-0.0011366928229108453,"w":0.9989015460014343},"size":0.8660253882408142,"orthographic":true}