{"cameraMode":{"drawMode":0,"name":"Shaded","section":"Shading Mode"},"sceneLighting":false,"audioPlay":false,"sceneViewState":{"m_AlwaysRefresh":false,"showFog":true,"showSkybox":false,"showFlares":true,"showImageEffects":true,"showParticleSystems":true,"showVisualEffectGraphs":true,"m_FxEnabled":true},"in2DMode":false,"pivot":{"x":0.011935114860534668,"y":-0.004231691360473633,"z":-0.007877033203840256},"rotation":{"x":0.0632319301366806,"y":0.5825479626655579,"z":-0.04554489254951477,"w":0.8091382384300232},"size":0.5228530764579773,"orthographic":true}