{"cameraMode":{"drawMode":0,"name":"Shaded","section":"Shading Mode"},"sceneLighting":false,"audioPlay":false,"sceneViewState":{"m_AlwaysRefresh":false,"showFog":true,"showSkybox":false,"showFlares":true,"showImageEffects":true,"showParticleSystems":true,"showVisualEffectGraphs":true,"m_FxEnabled":true},"in2DMode":false,"pivot":{"x":0.15367040038108827,"y":0.9119895100593567,"z":-6.898742198944092},"rotation":{"x":-0.009000700898468495,"y":-0.029722273349761964,"z":0.00021397547970991582,"w":-0.9997130632400513},"size":0.6840569972991943,"orthographic":true}