{"cameraMode":{"drawMode":0,"name":"Shaded","section":"Shading Mode"},"sceneLighting":false,"audioPlay":false,"sceneViewState":{"m_AlwaysRefresh":false,"showFog":true,"showSkybox":false,"showFlares":true,"showImageEffects":true,"showParticleSystems":true,"showVisualEffectGraphs":true,"m_FxEnabled":true},"in2DMode":false,"pivot":{"x":-0.236785888671875,"y":3.097370147705078,"z":0.08552283048629761},"rotation":{"x":-0.028430353850126268,"y":-0.9345592260360718,"z":0.07670950144529343,"w":-0.3463268578052521},"size":27.118959426879884,"orthographic":false}