{"cameraMode":{"drawMode":0,"name":"Shaded","section":"Shading Mode"},"sceneLighting":false,"audioPlay":false,"sceneViewState":{"m_AlwaysRefresh":false,"showFog":true,"showSkybox":false,"showFlares":true,"showImageEffects":true,"showParticleSystems":true,"showVisualEffectGraphs":true,"m_FxEnabled":true},"in2DMode":false,"pivot":{"x":0.011935114860534668,"y":-0.004231691360473633,"z":-0.007877033203840256},"rotation":{"x":0.011977669782936573,"y":0.0767141729593277,"z":0.00076050846837461,"w":-0.9971768856048584},"size":1.197619915008545,"orthographic":true}