{"cameraMode":{"drawMode":0,"name":"Shaded","section":"Shading Mode"},"sceneLighting":false,"audioPlay":false,"sceneViewState":{"m_AlwaysRefresh":false,"showFog":true,"showSkybox":false,"showFlares":true,"showImageEffects":true,"showParticleSystems":true,"showVisualEffectGraphs":true,"m_FxEnabled":true},"in2DMode":false,"pivot":{"x":0.04982534050941467,"y":-0.05452903360128403,"z":0.0731772929430008},"rotation":{"x":0.004493119660764933,"y":-0.02522229589521885,"z":-0.00030914266244508326,"w":-0.9998683333396912},"size":1.8437813520431519,"orthographic":true}