{"cameraMode":{"drawMode":0,"name":"Shaded","section":"Shading Mode"},"sceneLighting":false,"audioPlay":false,"sceneViewState":{"m_AlwaysRefresh":false,"showFog":true,"showSkybox":false,"showFlares":true,"showImageEffects":true,"showParticleSystems":true,"showVisualEffectGraphs":true,"m_FxEnabled":true},"in2DMode":false,"pivot":{"x":-1.0439949035644532,"y":0.2397095412015915,"z":-1.9107539653778077},"rotation":{"x":-0.008982386440038681,"y":-0.9765366315841675,"z":0.04255872219800949,"w":-0.21186362206935883},"size":2.289560317993164,"orthographic":false}