{"cameraMode":{"drawMode":0,"name":"Shaded","section":"Shading Mode"},"sceneLighting":true,"audioPlay":false,"sceneViewState":{"m_AlwaysRefresh":false,"showFog":true,"showSkybox":true,"showFlares":true,"showImageEffects":true,"showParticleSystems":true,"showVisualEffectGraphs":true,"m_FxEnabled":true},"in2DMode":false,"pivot":{"x":0.41829991340637209,"y":0.16747084259986878,"z":-6.979999542236328},"rotation":{"x":0.05690138787031174,"y":-0.31494879722595217,"z":0.018920456990599633,"w":0.9472153782844544},"size":0.03463536873459816,"orthographic":true}