{"cameraMode":{"drawMode":0,"name":"Shaded","section":"Shading Mode"},"sceneLighting":false,"audioPlay":false,"sceneViewState":{"m_AlwaysRefresh":false,"showFog":true,"showSkybox":false,"showFlares":true,"showImageEffects":true,"showParticleSystems":true,"showVisualEffectGraphs":true,"m_FxEnabled":true},"in2DMode":false,"pivot":{"x":-0.045534729957580569,"y":-0.4085421562194824,"z":-0.05244110897183418},"rotation":{"x":-0.04008345305919647,"y":0.14190833270549775,"z":0.005732518620789051,"w":0.9891230463981628},"size":0.996167778968811,"orthographic":true}