{"cameraMode":{"drawMode":0,"name":"Shaded","section":"Shading Mode"},"sceneLighting":false,"audioPlay":false,"sceneViewState":{"m_AlwaysRefresh":false,"showFog":true,"showSkybox":false,"showFlares":true,"showImageEffects":true,"showParticleSystems":true,"showVisualEffectGraphs":true,"m_FxEnabled":true},"in2DMode":false,"pivot":{"x":-0.45668354630470278,"y":0.12606847286224366,"z":0.07206714153289795},"rotation":{"x":0.007487751543521881,"y":0.05098036304116249,"z":-0.00045184564078226686,"w":0.9987456798553467},"size":1.3655685186386109,"orthographic":false}