{"cameraMode":{"drawMode":0,"name":"Shaded","section":"Shading Mode"},"sceneLighting":false,"audioPlay":false,"sceneViewState":{"m_AlwaysRefresh":false,"showFog":true,"showSkybox":false,"showFlares":true,"showImageEffects":true,"showParticleSystems":true,"showVisualEffectGraphs":true,"m_FxEnabled":true},"in2DMode":false,"pivot":{"x":0.011935114860534668,"y":-0.004231691360473633,"z":-0.007877033203840256},"rotation":{"x":-0.07666170597076416,"y":-0.4965226650238037,"z":0.04402393475174904,"w":-0.8637366890907288},"size":1.4398109912872315,"orthographic":true}