{"cameraMode":{"drawMode":0,"name":"Shaded","section":"Shading Mode"},"sceneLighting":false,"audioPlay":false,"sceneViewState":{"m_AlwaysRefresh":false,"showFog":true,"showSkybox":false,"showFlares":true,"showImageEffects":true,"showParticleSystems":true,"showVisualEffectGraphs":true,"m_FxEnabled":true},"in2DMode":false,"pivot":{"x":0.011935114860534668,"y":-0.004231691360473633,"z":-0.007877033203840256},"rotation":{"x":-0.10303335636854172,"y":0.18274633586406709,"z":-0.019319454208016397,"w":-0.9777548313140869},"size":1.4398109912872315,"orthographic":true}