{"cameraMode":{"drawMode":0,"name":"Shaded","section":"Shading Mode"},"sceneLighting":false,"audioPlay":false,"sceneViewState":{"m_AlwaysRefresh":false,"showFog":true,"showSkybox":false,"showFlares":true,"showImageEffects":true,"showParticleSystems":true,"showVisualEffectGraphs":true,"m_FxEnabled":true},"in2DMode":false,"pivot":{"x":-0.18340018391609193,"y":0.011028707027435303,"z":0.15720397233963014},"rotation":{"x":0.026961734518408777,"y":0.0509628988802433,"z":-0.0014212977839633823,"w":0.9984064102172852},"size":0.6840569972991943,"orthographic":true}