{"cameraMode":{"drawMode":0,"name":"Shaded","section":"Shading Mode"},"sceneLighting":false,"audioPlay":false,"sceneViewState":{"m_AlwaysRefresh":false,"showFog":true,"showSkybox":false,"showFlares":true,"showImageEffects":true,"showParticleSystems":true,"showVisualEffectGraphs":true,"m_FxEnabled":true},"in2DMode":false,"pivot":{"x":-0.10431987047195435,"y":0.41416049003601076,"z":1.0766468048095704},"rotation":{"x":-0.10303335636854172,"y":0.18274633586406709,"z":-0.019319454208016397,"w":-0.9777548313140869},"size":2.5649282932281496,"orthographic":true}