{"cameraMode":{"drawMode":0,"name":"Shaded","section":"Shading Mode"},"sceneLighting":false,"audioPlay":false,"sceneViewState":{"m_AlwaysRefresh":false,"showFog":true,"showSkybox":false,"showFlares":true,"showImageEffects":true,"showParticleSystems":true,"showVisualEffectGraphs":true,"m_FxEnabled":true},"in2DMode":false,"pivot":{"x":0.15345793962478639,"y":-0.2765093445777893,"z":-0.01187754888087511},"rotation":{"x":0.11949010193347931,"y":-0.06251713633537293,"z":0.007481665816158056,"w":0.99093097448349},"size":7.9435906410217289,"orthographic":false}