{"cameraMode":{"drawMode":0,"name":"Shaded","section":"Shading Mode"},"sceneLighting":false,"audioPlay":false,"sceneViewState":{"m_AlwaysRefresh":false,"showFog":true,"showSkybox":false,"showFlares":true,"showImageEffects":true,"showParticleSystems":true,"showVisualEffectGraphs":true,"m_FxEnabled":true},"in2DMode":false,"pivot":{"x":0.09086954593658447,"y":-0.18509253859519959,"z":-0.012352650985121727},"rotation":{"x":0.15464778244495393,"y":0.6765006184577942,"z":-0.14841200411319734,"w":0.704666793346405},"size":0.6841492056846619,"orthographic":true}